"Time_Iter","Outer_Iter","Inner_Iter",     "rms[U]"     ,     "rms[R]"     ,     "rms[E]"     ,   "rms[DispX]"   ,   "rms[DispY]"   ,   "rms[DispZ]"   
          0,           0,           0,      -2.055120441,       3.202276831,      0.7097529941,                 0,                 0,                 0
          0,           0,           1,      -2.454470535,       3.937840622,      0.5556928022,                 0,                 0,                 0
          0,           0,           2,       -2.33537781,       3.555946308,      0.3167274895,                 0,                 0,                 0
          0,           0,           3,      -2.489869232,       3.718761492,      0.3574009745,                 0,                 0,                 0
          0,           0,           4,      -2.366161731,       3.679446226,      0.4123314596,                 0,                 0,                 0
          0,           0,           5,      -1.448929529,       3.598613339,       1.194391803,                 0,                 0,                 0
          0,           0,           6,      -2.270731702,       4.064786167,      0.9840681281,                 0,                 0,                 0
          0,           0,           7,        -2.5218766,       3.685899276,      0.3503338726,                 0,                 0,                 0
          0,           0,           8,      -1.447206619,       3.388730793,       1.035616344,                 0,                 0,                 0
          0,           0,           9,      -2.168460964,       4.034023122,      0.9923264074,                 0,                 0,                 0
          0,           0,          10,      -2.121302263,       3.579187214,      0.5133870062,                 0,                 0,                 0
          0,           0,          11,      -2.063273492,       3.768303669,      0.6431874585,                 0,                 0,                 0
          0,           0,          12,      -2.546766551,       3.723760467,      0.3074762934,                 0,                 0,                 0
          0,           0,          13,      -1.888484526,       3.339411556,      0.6520819224,                 0,                 0,                 0
          0,           0,          14,      -2.689890495,       4.033710085,      0.5292159001,                 0,                 0,                 0
          0,           0,          15,      -2.455593154,       3.500111219,       0.182196885,                 0,                 0,                 0
          0,           0,          16,       -2.63700117,        3.57078517,      0.1123566721,                 0,                 0,                 0
          0,           0,          17,      -3.462849576,       3.394797097,       -0.74178232,                 0,                 0,                 0
          0,           0,          18,      -2.786349108,       3.232662517,     -0.2372647153,                 0,                 0,                 0
          0,           0,          19,      -3.149567882,       3.647594953,     -0.3896160077,                 0,                 0,                 0
          0,           0,          20,      -2.281245765,        3.17158231,      0.2626566505,                 0,                 0,                 0
          0,           0,          21,      -2.691721218,       3.662000034,      0.2644602075,                 0,                 0,                 0
          0,           0,          22,      -1.864855871,       3.347376711,      0.6083807782,                 0,                 0,                 0
          0,           0,          23,       -1.87521617,       3.871777086,      0.8340582548,                 0,                 0,                 0
          0,           0,          24,      -2.725617425,       3.966222431,       0.530567608,                 0,                 0,                 0
          0,           0,          25,      -3.390896719,       3.373781206,     -0.8071568106,                 0,                 0,                 0
          0,           0,          26,      -2.602151366,       3.230301762,     -0.1030233073,                 0,                 0,                 0
          0,           0,          27,      -2.259214084,       3.339113589,      0.2763708972,                 0,                 0,                 0
          0,           0,          28,      -2.017157674,       3.641982143,      0.5457446329,                 0,                 0,                 0
          0,           0,          29,      -2.303021853,        3.76956034,      0.6175296652,                 0,                 0,                 0
          0,           0,          30,      -2.563355054,       3.393523523,      0.1066319961,                 0,                 0,                 0
          0,           0,          31,      -3.544770569,       3.489245041,     -0.7278300301,                 0,                 0,                 0
          0,           0,          32,      -1.379958349,       3.179706474,       1.106890953,                 0,                 0,                 0
          0,           0,          33,      -2.410579162,       4.203943008,       1.074628453,                 0,                 0,                 0
          0,           0,          34,      -1.822895456,       3.440090819,      0.6646456241,                 0,                 0,                 0
          0,           0,          35,      -2.439467584,       3.883087516,      0.6380420675,                 0,                 0,                 0
          0,           0,          36,      -2.405149346,       3.277585966,      0.1032534417,                 0,                 0,                 0
          0,           0,          37,      -2.398599579,       3.457775748,      0.2363966031,                 0,                 0,                 0
          0,           0,          38,      -2.016796018,       3.537701442,      0.4942480465,                 0,                 0,                 0
          0,           0,          39,      -2.798893172,       3.748263721,      0.3407571308,                 0,                 0,                 0
          0,           0,          40,      -1.454107102,       3.264838844,        0.98180875,                 0,                 0,                 0
          0,           0,          41,      -2.911739407,       4.121863677,      0.5058037204,                 0,                 0,                 0
          0,           0,          42,      -2.306180602,       3.771874393,      0.7525115687,                 0,                 0,                 0
          0,           0,          43,      -2.428368712,       3.186511487,      0.1527176619,                 0,                 0,                 0
          0,           0,          44,       -2.11679233,       3.464138488,      0.4344875779,                 0,                 0,                 0
          0,           0,          45,      -2.482605495,        3.59691491,      0.2938594336,                 0,                 0,                 0
          0,           0,          46,      -2.449809366,        3.17400257,       0.032924688,                 0,                 0,                 0
          0,           0,          47,      -2.619625345,       3.399842533,    0.007680966958,                 0,                 0,                 0
          0,           0,          48,      -2.417292419,       3.478189318,     0.08651486526,                 0,                 0,                 0
          0,           0,          49,      -3.238986278,       3.420472607,     -0.5611767906,                 0,                 0,                 0
          0,           1,           0,      -2.519838429,       3.183111559,     0.02941400217,                 0,                 0,                 0
          0,           1,           1,      -2.772859883,       3.522845292,     -0.1361341948,                 0,                 0,                 0
          0,           1,           2,      -3.144983823,       3.124186082,     -0.6520011124,                 0,                 0,                 0
          0,           1,           3,      -1.789243004,       3.348465173,      0.6294823925,                 0,                 0,                 0
          0,           1,           4,      -2.675543411,        4.08285635,      0.6120376618,                 0,                 0,                 0
          0,           1,           5,      -2.287525251,       3.331164956,       0.225965483,                 0,                 0,                 0
          0,           1,           6,      -2.435545668,       3.780942374,      0.3365938785,                 0,                 0,                 0
          0,           1,           7,      -3.101702932,       3.758554158,     -0.1848266581,                 0,                 0,                 0
          0,           1,           8,      -1.826047378,       3.133462014,      0.6312983007,                 0,                 0,                 0
          0,           1,           9,      -2.653608515,       3.992387622,      0.5010825298,                 0,                 0,                 0
          0,           1,          10,      -2.795922629,       3.460811839,    -0.03986522929,                 0,                 0,                 0
          0,           1,          11,      -3.563765534,       3.364019345,     -0.9963292193,                 0,                 0,                 0
          0,           1,          12,      -3.002443767,       3.184118175,     -0.4829234332,                 0,                 0,                 0
          0,           1,          13,      -2.552936905,       3.220131538,     -0.1714374085,                 0,                 0,                 0
          0,           1,          14,      -1.306676788,       3.546076284,       1.162646582,                 0,                 0,                 0
          0,           1,          15,      -2.319034437,       4.139541918,       1.033031686,                 0,                 0,                 0
          0,           1,          16,      -1.738018707,        3.54933837,      0.6771254495,                 0,                 0,                 0
          0,           1,          17,      -2.544925425,       3.829787152,      0.5609621273,                 0,                 0,                 0
          0,           1,          18,      -1.903651609,       3.357491072,      0.5291549649,                 0,                 0,                 0
          0,           1,          19,      -2.492711695,       3.835425847,      0.4050821127,                 0,                 0,                 0
          0,           1,          20,      -2.973083506,       3.440714851,     -0.3517340795,                 0,                 0,                 0
          0,           1,          21,      -3.091063624,       3.107358819,     -0.6952495852,                 0,                 0,                 0
          0,           1,          22,      -1.677001389,       2.942930854,      0.6657539059,                 0,                 0,                 0
          0,           1,          23,      -2.694941642,       3.851727524,      0.3926343483,                 0,                 0,                 0
          0,           1,          24,      -2.720321726,       3.516306093,      0.1585612474,                 0,                 0,                 0
          0,           1,          25,      -3.095795754,       3.566002015,     -0.3704383033,                 0,                 0,                 0
          0,           1,          26,      -2.460243229,       3.315042422,     0.09720035332,                 0,                 0,                 0
          0,           1,          27,      -2.312062783,       3.295258522,        0.13129194,                 0,                 0,                 0
          0,           1,          28,      -3.409772352,       3.487661681,     -0.6929004909,                 0,                 0,                 0
          0,           1,          29,      -3.322568029,       3.277654333,      -0.763430542,                 0,                 0,                 0
          0,           1,          30,      -1.824084248,       3.350264755,      0.5887112568,                 0,                 0,                 0
          0,           1,          31,      -2.588820514,       3.997935344,      0.5041734627,                 0,                 0,                 0
          0,           1,          32,      -3.130677556,        3.38542568,     -0.4794339252,                 0,                 0,                 0
          0,           1,          33,      -2.469271469,       3.106463926,     -0.1660679677,                 0,                 0,                 0
          0,           1,          34,      -2.104545863,       3.402530407,      0.4098169711,                 0,                 0,                 0
          0,           1,          35,      -2.490800039,       3.547955942,      0.1795395929,                 0,                 0,                 0
          0,           1,          36,      -3.109056475,       3.462759774,     -0.4154849499,                 0,                 0,                 0
          0,           1,          37,      -3.522067527,       3.238496053,     -0.9351859226,                 0,                 0,                 0
          0,           1,          38,      -1.508669497,        2.98362579,      0.8243452012,                 0,                 0,                 0
          0,           1,          39,      -2.408646071,       3.835819116,      0.6533655998,                 0,                 0,                 0
          0,           1,          40,      -2.484105874,       3.712892161,      0.3180931887,                 0,                 0,                 0
          0,           1,          41,      -1.013744572,       3.426663813,       1.306148585,                 0,                 0,                 0
          0,           1,          42,      -2.434507559,       4.126926914,       1.026290027,                 0,                 0,                 0
          0,           1,          43,      -2.173122074,       3.809597755,       0.808809982,                 0,                 0,                 0
          0,           1,          44,      -2.738655193,       3.553299729,     -0.1780708898,                 0,                 0,                 0
          0,           1,          45,      -2.527328385,       3.410750965,     -0.1382336063,                 0,                 0,                 0
          0,           1,          46,      -3.215201879,       3.551309521,     -0.3991310079,                 0,                 0,                 0
          0,           1,          47,      -2.054351918,       3.174930073,      0.2535663849,                 0,                 0,                 0
          0,           1,          48,      -2.654285047,       3.662038934,      0.2126568446,                 0,                 0,                 0
          0,           1,          49,      -3.048750781,       3.106231734,     -0.6708302892,                 0,                 0,                 0
          0,           2,           0,      -3.754259046,       3.082669813,      -1.468845899,                 0,                 0,                 0
          0,           2,           1,      -2.924677841,        2.92037803,     -0.5870880409,                 0,                 0,                 0
          0,           2,           2,      -1.980625866,       3.344102938,      0.3055473046,                 0,                 0,                 0
          0,           2,           3,      -2.823543102,       3.871466258,      0.2579665696,                 0,                 0,                 0
          0,           2,           4,      -1.693586759,       2.943784876,      0.5232882249,                 0,                 0,                 0
          0,           2,           5,      -2.833215483,       3.817653885,      0.1268650345,                 0,                 0,                 0
          0,           2,           6,      -2.452612849,       3.428186041,      0.2765187986,                 0,                 0,                 0
          0,           2,           7,      -3.311052744,       2.969094135,      -1.125486762,                 0,                 0,                 0
          0,           2,           8,      -1.570494505,       3.044453528,      0.6478540679,                 0,                 0,                 0
          0,           2,           9,      -2.324473692,       3.638248475,      0.6041600693,                 0,                 0,                 0
          0,           2,          10,      -3.869493141,        3.13315734,      -1.534903948,                 0,                 0,                 0
          0,           2,          11,      -2.581174864,       2.958952085,     -0.3112128622,                 0,                 0,                 0
          0,           2,          12,      -2.580390125,       3.270438347,     -0.1399480924,                 0,                 0,                 0
          0,           2,          13,       -2.69764098,       3.391223368,      -0.257130401,                 0,                 0,                 0
          0,           2,          14,      -3.254426231,       3.177623491,     -0.8164323279,                 0,                 0,                 0
          0,           2,          15,      -3.498523881,       2.972271315,      -1.132647528,                 0,                 0,                 0
          0,           2,          16,      -3.679785608,       3.040412982,      -1.269999627,                 0,                 0,                 0
          0,           2,          17,       -3.85916236,       2.936372165,      -1.546246656,                 0,                 0,                 0
          0,           2,          18,      -1.809764769,       2.851173621,      0.3947773505,                 0,                 0,                 0
          0,           2,          19,      -2.406172272,       3.742987825,      0.3978364597,                 0,                 0,                 0
          0,           2,          20,      -3.031065881,       3.310545846,     -0.4474318441,                 0,                 0,                 0
          0,           2,          21,      -2.116021333,       3.248128128,      0.1193253541,                 0,                 0,                 0
          0,           2,          22,      -2.895245058,       3.773652154,     0.06145999167,                 0,                 0,                 0
          0,           2,          23,      -2.411329396,       3.042672094,     -0.1447892294,                 0,                 0,                 0
          0,           2,          24,      -3.501083718,       3.382347775,      -1.006302257,                 0,                 0,                 0
          0,           2,          25,      -3.188947006,       3.336614626,     -0.6875229386,                 0,                 0,                 0
          0,           2,          26,      -3.264046069,       3.049736326,     -0.7943630741,                 0,                 0,                 0
          0,           2,          27,      -2.585109883,       2.987982923,     -0.3002562798,                 0,                 0,                 0
          0,           2,          28,      -3.330244181,       3.220123296,     -0.7697783644,                 0,                 0,                 0
          0,           2,          29,      -3.196770039,       3.261120802,       -0.87079981,                 0,                 0,                 0
          0,           2,          30,      -1.925795859,       2.825999602,      0.2598384406,                 0,                 0,                 0
          0,           2,          31,      -2.753761121,       3.747477109,       0.145351903,                 0,                 0,                 0
          0,           2,          32,       -3.29696033,       3.386209134,     -0.6167667597,                 0,                 0,                 0
          0,           2,          33,      -2.668023891,       3.112505328,     -0.3695698467,                 0,                 0,                 0
          0,           2,          34,      -2.885466819,       3.198828594,     -0.5441030884,                 0,                 0,                 0
          0,           2,          35,      -2.170539479,       2.987780816,      0.0173668502,                 0,                 0,                 0
          0,           2,          36,      -2.636714989,        3.55168809,      0.0154691313,                 0,                 0,                 0
          0,           2,          37,      -2.567131627,       3.007855431,      -0.283913482,                 0,                 0,                 0
          0,           2,          38,      -2.729122118,       3.322367659,     -0.2702193725,                 0,                 0,                 0
          0,           2,          39,      -2.943040803,       3.225780785,     -0.5793512614,                 0,                 0,                 0
          0,           2,          40,      -3.624514619,       3.080914786,      -1.228023403,                 0,                 0,                 0
          0,           2,          41,      -2.362550687,       3.028178249,     -0.1768035891,                 0,                 0,                 0
          0,           2,          42,      -3.191367455,       3.359974581,     -0.5079126152,                 0,                 0,                 0
          0,           2,          43,      -2.506101045,       3.161640522,     -0.1218852501,                 0,                 0,                 0
          0,           2,          44,      -3.257457122,        3.41172269,     -0.6749994434,                 0,                 0,                 0
          0,           2,          45,       -2.66092613,       3.018325102,     -0.3837785326,                 0,                 0,                 0
          0,           2,          46,      -2.801869661,        3.25352947,     -0.4382681502,                 0,                 0,                 0
          0,           2,          47,      -3.521430647,       2.899109138,      -1.413955304,                 0,                 0,                 0
          0,           2,          48,       -2.24606836,       3.024629344,    -0.03919753292,                 0,                 0,                 0
          0,           2,          49,      -3.063361607,       3.547384418,     -0.2314615558,                 0,                 0,                 0
          0,           3,           0,      -2.565497664,       3.217516505,      -0.261613418,                 0,                 0,                 0
          0,           3,           1,      -2.714386006,       3.366984147,     -0.2850717296,                 0,                 0,                 0
          0,           3,           2,      -2.779602781,       3.151040465,     -0.4708301364,                 0,                 0,                 0
          0,           3,           3,      -3.040641783,       2.952563295,     -0.7595779443,                 0,                 0,                 0
          0,           3,           4,      -4.049729909,       2.966502091,      -1.844462393,                 0,                 0,                 0
          0,           3,           5,      -2.021035315,       2.850196993,      0.1237740316,                 0,                 0,                 0
          0,           3,           6,      -2.826791476,       3.607850627,      0.0309020695,                 0,                 0,                 0
          0,           3,           7,      -2.782578118,       3.237449363,     -0.4084727542,                 0,                 0,                 0
          0,           3,           8,      -3.053129783,       3.152004604,     -0.7680213009,                 0,                 0,                 0
          0,           3,           9,      -3.360313856,       3.136630184,     -0.9857319192,                 0,                 0,                 0
          0,           3,          10,      -3.146145981,       2.966797588,     -0.8937206448,                 0,                 0,                 0
          0,           3,          11,      -3.043254162,       3.389941398,     -0.6841596127,                 0,                 0,                 0
          0,           3,          12,     -0.6154765926,        3.02612731,       1.525082216,                 0,                 0,                 0
          0,           3,          13,      -2.273282757,       4.338348143,       1.254825664,                 0,                 0,                 0
          0,           3,          14,      -2.907946824,       3.399944007,     -0.4892887517,                 0,                 0,                 0
          0,           3,          15,      -2.297609711,       2.640463073,     -0.3700441125,                 0,                 0,                 0
          0,           3,          16,      -2.775526159,       3.041500192,     -0.4582117301,                 0,                 0,                 0
          0,           3,          17,      -3.786611935,         2.9500818,       -1.86071269,                 0,                 0,                 0
          0,           3,          18,      -3.209740005,       2.777938046,      -1.101998403,                 0,                 0,                 0
          0,           3,          19,      -3.067447717,       2.932304165,      -1.135222523,                 0,                 0,                 0
          0,           3,          20,      -2.981364897,        2.88909413,     -0.9538866601,                 0,                 0,                 0
          0,           3,          21,      -3.073025736,        3.12241539,      -1.008218042,                 0,                 0,                 0
          0,           3,          22,      -2.826772053,       2.755548685,     -0.8851337007,                 0,                 0,                 0
          0,           3,          23,      -2.819540904,       3.079251179,     -0.7509756339,                 0,                 0,                 0
          0,           3,          24,      -3.165759142,       2.949845504,     -0.9402590954,                 0,                 0,                 0
          0,           3,          25,      -2.302776624,       2.906320802,     -0.4152171059,                 0,                 0,                 0
          0,           3,          26,      -2.919787474,       3.313615826,     -0.4535595247,                 0,                 0,                 0
          0,           3,          27,      -2.772756026,       2.673743184,     -0.9060503154,                 0,                 0,                 0
          0,           3,          28,       -3.02864822,       3.155958798,     -0.8312144534,                 0,                 0,                 0
          0,           3,          29,      -2.939571457,       2.829940484,     -0.9972138306,                 0,                 0,                 0
          0,           3,          30,      -2.607682893,       2.903219325,     -0.6565311818,                 0,                 0,                 0
          0,           3,          31,       -3.10659577,        3.33920019,     -0.7122358634,                 0,                 0,                 0
          0,           3,          32,      -2.265409713,       2.649480614,     -0.4217609123,                 0,                 0,                 0
          0,           3,          33,      -2.895607344,       3.101696242,      -0.460934657,                 0,                 0,                 0
          0,           3,          34,      -2.936381754,       2.904783342,        -0.9633116,                 0,                 0,                 0
          0,           3,          35,      -3.133627207,       3.063362114,     -0.9549696396,                 0,                 0,                 0
          0,           3,          36,      -2.415690068,       2.844118942,     -0.5313540291,                 0,                 0,                 0
          0,           3,          37,      -3.152234592,       3.443703268,     -0.6047086629,                 0,                 0,                 0
          0,           3,          38,      -2.573480212,       2.648288081,     -0.7360733683,                 0,                 0,                 0
          0,           3,          39,      -3.181018987,       3.342166589,     -0.7139631681,                 0,                 0,                 0
          0,           3,          40,      -2.057898353,        2.71277492,     -0.2357177273,                 0,                 0,                 0
          0,           3,          41,      -3.003492142,       3.685638934,     -0.2692371304,                 0,                 0,                 0
          0,           3,          42,       -2.78930869,        2.70883477,     -0.9587969947,                 0,                 0,                 0
          0,           3,          43,      -3.277005297,       3.135334229,      -1.002016011,                 0,                 0,                 0
          0,           3,          44,      -3.719224304,       2.681881224,      -1.838580226,                 0,                 0,                 0
          0,           3,          45,      -3.309294363,       2.604020476,      -1.393266809,                 0,                 0,                 0
          0,           3,          46,      -2.225676655,       2.848562118,     -0.4372054625,                 0,                 0,                 0
          0,           3,          47,      -3.173213109,       3.448550924,     -0.4661642089,                 0,                 0,                 0
          0,           3,          48,      -3.485801611,       2.792132333,      -1.507144678,                 0,                 0,                 0
          0,           3,          49,      -2.499575396,        2.69149558,     -0.7064983548,                 0,                 0,                 0
          0,           4,           0,      -3.349039223,        3.07384885,     -0.9717779927,                 0,                 0,                 0
          0,           4,           1,      -3.145751525,       3.014388902,      -1.004110381,                 0,                 0,                 0
          0,           4,           2,      -3.469674211,        2.73863994,      -1.534212291,                 0,                 0,                 0
          0,           4,           3,      -4.208287513,       2.511333692,      -2.262614285,                 0,                 0,                 0
          0,           4,           4,      -4.125291928,        2.44780837,      -2.257688383,                 0,                 0,                 0
          0,           4,           5,      -2.101506862,       2.724362114,      -0.343250886,                 0,                 0,                 0
          0,           4,           6,      -3.016077576,       3.510122309,      -0.308568223,                 0,                 0,                 0
          0,           4,           7,      -2.983927787,       2.652971914,      -1.129723704,                 0,                 0,                 0
          0,           4,           8,      -3.444816705,       2.862537527,      -1.261416956,                 0,                 0,                 0
          0,           4,           9,      -1.864141756,       2.527798471,     -0.1081363124,                 0,                 0,                 0
          0,           4,          10,       -2.94776848,       3.600991637,     -0.1330761762,                 0,                 0,                 0
          0,           4,          11,      -3.188427757,       2.804020365,      -1.336688562,                 0,                 0,                 0
          0,           4,          12,      -3.585225413,       2.763003714,      -1.548929921,                 0,                 0,                 0
          0,           4,          13,      -3.487545114,       2.664228113,      -1.582788839,                 0,                 0,                 0
          0,           4,          14,      -3.398062022,       2.760660265,      -1.494472184,                 0,                 0,                 0
          0,           4,          15,       -3.18445107,        2.95477671,      -1.276306741,                 0,                 0,                 0
          0,           4,          16,      -4.012144782,       2.941722632,      -1.740796626,                 0,                 0,                 0
          0,           4,          17,       -3.83641723,       2.579967438,       -1.88916362,                 0,                 0,                 0
          0,           4,          18,      -2.982765738,       2.583656774,      -1.179852856,                 0,                 0,                 0
          0,           4,          19,      -3.402755437,       2.880841321,      -1.182024147,                 0,                 0,                 0
          0,           4,          20,      -1.615675031,       2.393102153,     0.09819587569,                 0,                 0,                 0
          0,           4,          21,      -2.719020073,       3.517558842,     0.05727818274,                 0,                 0,                 0
          0,           4,          22,      -3.128178259,       2.596535422,      -1.387573878,                 0,                 0,                 0
          0,           4,          23,      -3.482656737,       2.862693834,      -1.423372289,                 0,                 0,                 0
          0,           4,          24,      -3.608943477,       2.638231506,      -1.789722691,                 0,                 0,                 0
          0,           4,          25,      -2.643488738,       2.448301242,     -0.9614430512,                 0,                 0,                 0
          0,           4,          26,      -3.510949418,       3.109054502,      -1.085585235,                 0,                 0,                 0
          0,           4,          27,      -3.577391038,       2.562335212,      -1.579340807,                 0,                 0,                 0
          0,           4,          28,      -2.427303492,       2.388743028,     -0.7582174257,                 0,                 0,                 0
          0,           4,          29,      -3.306980394,       3.345452589,     -0.7684206908,                 0,                 0,                 0
          0,           4,          30,      -1.869485824,       2.563554365,     -0.2149693443,                 0,                 0,                 0
          0,           4,          31,      -3.059806517,       3.532081643,      -0.268423108,                 0,                 0,                 0
          0,           4,          32,      -3.244543794,       2.876004218,      -1.359846394,                 0,                 0,                 0
          0,           4,          33,      -1.941647001,       2.594158762,     -0.3065311795,                 0,                 0,                 0
          0,           4,          34,       -3.07913326,       3.620125241,     -0.3707545097,                 0,                 0,                 0
          0,           4,          35,      -2.977809597,       2.624181835,      -1.336594217,                 0,                 0,                 0
          0,           4,          36,      -3.940344401,       2.899763589,      -1.861961627,                 0,                 0,                 0
          0,           4,          37,      -3.750745558,       2.542167924,      -1.931955194,                 0,                 0,                 0
          0,           4,          38,      -3.861687945,        2.53161337,      -2.061268759,                 0,                 0,                 0
          0,           4,          39,      -2.545902003,       2.406198451,     -0.9626314762,                 0,                 0,                 0
          0,           4,          40,      -3.175390789,       2.891913698,     -0.9528171334,                 0,                 0,                 0
          0,           4,          41,      -3.507543416,       2.520899297,      -1.609261389,                 0,                 0,                 0
          0,           4,          42,      -3.156806362,        2.59221208,      -1.494831891,                 0,                 0,                 0
          0,           4,          43,      -3.748951979,       2.891139361,      -1.658814301,                 0,                 0,                 0
          0,           4,          44,      -3.069767532,       2.421270828,      -1.478596954,                 0,                 0,                 0
          0,           4,          45,      -3.806278069,       2.887293532,      -1.596236021,                 0,                 0,                 0
          0,           4,          46,      -3.886004311,       2.382690005,      -2.130062765,                 0,                 0,                 0
          0,           4,          47,      -2.454368654,       2.351600486,     -0.8816929022,                 0,                 0,                 0
          0,           4,          48,      -3.291679792,       3.184466232,     -0.9616996531,                 0,                 0,                 0
          0,           4,          49,      -3.380527694,       2.455367442,      -1.616974696,                 0,                 0,                 0
          0,           5,           0,      -3.045451203,       2.612686225,      -1.360842008,                 0,                 0,                 0
          0,           5,           1,       -3.49445693,       2.842524062,      -1.432858839,                 0,                 0,                 0
          0,           5,           2,      -2.350650655,       2.318917807,      -0.792363692,                 0,                 0,                 0
          0,           5,           3,      -3.192635609,       3.094861595,     -0.7863101264,                 0,                 0,                 0
          0,           5,           4,       -2.79964433,        2.75613337,      -1.157174173,                 0,                 0,                 0
          0,           5,           5,      -3.566049582,       2.953591104,      -1.312675659,                 0,                 0,                 0
          0,           5,           6,      -4.134228167,       2.338416823,      -2.371189105,                 0,                 0,                 0
          0,           5,           7,      -2.934548726,       2.288745128,      -1.360897514,                 0,                 0,                 0
          0,           5,           8,       -3.19392406,       2.951133204,      -1.289609038,                 0,                 0,                 0
          0,           5,           9,      -4.082406512,       2.562115188,       -2.22734365,                 0,                 0,                 0
          0,           5,          10,      -3.316032793,       2.297340643,       -1.66985382,                 0,                 0,                 0
          0,           5,          11,      -3.158721076,       2.465204495,       -1.48006505,                 0,                 0,                 0
          0,           5,          12,       -4.04355815,       2.534232791,      -2.103998249,                 0,                 0,                 0
          0,           5,          13,       -3.03983109,       2.374599283,       -1.42770105,                 0,                 0,                 0
          0,           5,          14,      -3.293876784,       2.527673072,      -1.473438007,                 0,                 0,                 0
          0,           5,          15,      -2.703048619,       2.384982181,      -1.155368568,                 0,                 0,                 0
          0,           5,          16,      -3.226696096,       2.754231424,      -1.200281508,                 0,                 0,                 0
          0,           5,          17,      -3.686550428,       2.530379542,      -2.019132583,                 0,                 0,                 0
          0,           5,          18,      -3.781873344,       2.386370391,      -2.101838938,                 0,                 0,                 0
          0,           5,          19,      -1.662172887,       2.526142891,     -0.1582720969,                 0,                 0,                 0
          0,           5,          20,      -3.379937875,       3.440497407,     -0.6374042059,                 0,                 0,                 0
          0,           5,          21,      -2.994810622,       3.432618138,     -0.4874908898,                 0,                 0,                 0
          0,           5,          22,      -3.680403383,        2.55985743,       -1.93420547,                 0,                 0,                 0
          0,           5,          23,      -3.406840866,       2.476009581,      -1.628772538,                 0,                 0,                 0
          0,           5,          24,      -2.907582262,       2.401114312,      -1.476591247,                 0,                 0,                 0
          0,           5,          25,       -3.35255436,       2.662127212,      -1.488109597,                 0,                 0,                 0
          0,           5,          26,      -3.367184513,       2.309545302,      -1.860942378,                 0,                 0,                 0
          0,           5,          27,      -3.655414502,       2.531342078,      -1.960310641,                 0,                 0,                 0
          0,           5,          28,      -1.910405261,       2.186886911,     -0.5027451438,                 0,                 0,                 0
          0,           5,          29,      -3.283806411,       3.494109948,     -0.5713067945,                 0,                 0,                 0
          0,           5,          30,      -3.552273044,       2.498457816,      -1.733964797,                 0,                 0,                 0
          0,           5,          31,      -3.148054945,         2.0935714,       -1.78638665,                 0,                 0,                 0
          0,           5,          32,      -3.814504822,       2.601135166,      -2.006793846,                 0,                 0,                 0
          0,           5,          33,      -4.000818933,       2.304052295,      -2.457054995,                 0,                 0,                 0
          0,           5,          34,      -2.692926004,       2.410447839,      -1.321647493,                 0,                 0,                 0
          0,           5,          35,      -3.293782533,       2.855939907,      -1.421141584,                 0,                 0,                 0
          0,           5,          36,       -3.55285926,       2.413186504,      -1.988607584,                 0,                 0,                 0
          0,           5,          37,      -3.658667087,       2.364809154,      -2.120007794,                 0,                 0,                 0
          0,           5,          38,      -3.833781765,         2.4760182,      -2.315460132,                 0,                 0,                 0
          0,           5,          39,      -4.612217165,       2.133681068,      -3.019583327,                 0,                 0,                 0
          0,           5,          40,      -2.997116157,        2.03553219,      -1.632766416,                 0,                 0,                 0
          0,           5,          41,      -3.515412851,        2.57436467,      -1.615408202,                 0,                 0,                 0
          0,           5,          42,      -4.633868803,       1.984244063,      -3.240129901,                 0,                 0,                 0
          0,           5,          43,      -1.494480224,       2.127106534,     -0.1593783485,                 0,                 0,                 0
          0,           5,          44,      -3.278505276,       3.430030012,     -0.5742250727,                 0,                 0,                 0
          0,           5,          45,      -3.242633369,       3.186829074,     -0.8115699575,                 0,                 0,                 0
          0,           5,          46,      -3.568484016,       2.238483752,      -2.249128745,                 0,                 0,                 0
          0,           5,          47,       -4.60478685,       2.238146067,      -3.072064492,                 0,                 0,                 0
          0,           5,          48,      -3.353267148,       1.953279582,      -2.117067518,                 0,                 0,                 0
          0,           5,          49,      -3.886829396,       2.536179333,      -2.253584236,                 0,                 0,                 0
          0,           6,           0,       -4.07764946,       2.175756889,      -2.756612846,                 0,                 0,                 0
          0,           6,           1,      -3.442029886,       2.102202609,      -2.292338892,                 0,                 0,                 0
          0,           6,           2,      -4.154147772,       2.373948222,      -2.459318964,                 0,                 0,                 0
          0,           6,           3,      -3.807666609,       1.902703893,      -2.566896132,                 0,                 0,                 0
          0,           6,           4,       -4.32571479,       2.247107649,      -2.879522626,                 0,                 0,                 0
          0,           6,           5,      -5.016783335,       1.907091482,      -3.665259808,                 0,                 0,                 0
          0,           6,           6,      -3.561846433,       1.693872943,      -2.461671701,                 0,                 0,                 0
          0,           6,           7,      -4.084661303,       2.308466957,      -2.533730636,                 0,                 0,                 0
          0,           6,           8,      -3.176803977,       2.016233754,      -1.980981721,                 0,                 0,                 0
          0,           6,           9,      -3.839163924,       2.545854734,      -2.062687857,                 0,                 0,                 0
          0,           6,          10,      -2.729791132,       1.940841763,      -1.600357812,                 0,                 0,                 0
          0,           6,          11,      -3.402961872,       2.658666649,      -1.664283169,                 0,                 0,                 0
          0,           6,          12,      -4.079290189,       2.119876728,      -2.611660664,                 0,                 0,                 0
          0,           6,          13,      -4.791155372,       2.140717625,      -3.321994252,                 0,                 0,                 0
          0,           6,          14,      -3.311693038,       1.797524424,       -2.20456727,                 0,                 0,                 0
          0,           6,          15,      -3.930079741,       2.343081698,      -2.524564613,                 0,                 0,                 0
          0,           6,          16,      -3.627934991,       2.040289618,      -2.388122362,                 0,                 0,                 0
          0,           6,          17,       -3.88756743,       2.177093559,       -2.59568609,                 0,                 0,                 0
          0,           6,          18,      -3.851632535,         2.1085636,        -2.6410014,                 0,                 0,                 0
          0,           6,          19,       -4.38661627,        2.34187478,      -2.875473448,                 0,                 0,                 0
          0,           6,          20,      -2.120587195,       2.039273464,      -1.031763733,                 0,                 0,                 0
          0,           6,          21,      -3.238346149,       2.923644627,      -1.120944321,                 0,                 0,                 0
          0,           6,          22,      -4.486812432,       1.913905909,      -3.304025577,                 0,                 0,                 0
          0,           6,          23,      -4.479508587,       1.821625265,      -3.436154711,                 0,                 0,                 0
          0,           6,          24,      -3.378057893,       1.802534561,       -2.39156324,                 0,                 0,                 0
          0,           6,          25,      -3.891855556,       2.056345445,      -2.502313941,                 0,                 0,                 0
          0,           6,          26,      -4.228915241,       1.902477458,      -2.926482774,                 0,                 0,                 0
          0,           6,          27,      -4.307336143,       1.815774194,      -3.235880577,                 0,                 0,                 0
          0,           6,          28,      -2.337412297,        1.84254227,      -1.332637602,                 0,                 0,                 0
          0,           6,          29,      -3.723226397,       2.737848021,      -1.707587321,                 0,                 0,                 0
          0,           6,          30,       -3.46023742,       2.503788343,      -1.754008553,                 0,                 0,                 0
          0,           6,          31,      -3.739441829,       2.031783867,      -2.463754658,                 0,                 0,                 0
          0,           6,          32,      -4.275005226,       2.200523375,      -2.999171615,                 0,                 0,                 0
          0,           6,          33,        -3.1879336,       1.900507243,       -2.21913981,                 0,                 0,                 0
          0,           6,          34,      -3.764299317,       2.470793063,      -2.242496548,                 0,                 0,                 0
          0,           6,          35,      -4.387089545,         1.8600321,       -3.25826526,                 0,                 0,                 0
          0,           6,          36,      -4.752251204,       1.864332575,       -3.62983752,                 0,                 0,                 0
          0,           6,          37,      -2.845011975,       1.683373987,      -1.901222828,                 0,                 0,                 0
          0,           6,          38,       -3.47716702,       2.446646695,      -1.909522232,                 0,                 0,                 0
          0,           6,          39,      -4.414854412,       1.840232216,      -3.216516305,                 0,                 0,                 0
          0,           6,          40,      -3.208234523,       1.754436192,      -2.326244342,                 0,                 0,                 0
          0,           6,          41,      -3.959658519,       2.467038161,      -2.310857893,                 0,                 0,                 0
          0,           6,          42,      -3.420003442,       1.784911625,      -2.496387479,                 0,                 0,                 0
          0,           6,          43,      -4.781157034,        2.35362417,      -3.131254092,                 0,                 0,                 0
          0,           6,          44,       -4.81599736,        2.09608222,      -3.458332152,                 0,                 0,                 0
          0,           6,          45,      -4.052291793,       1.918983374,       -2.79230469,                 0,                 0,                 0
          0,           6,          46,      -4.007163517,       1.709036818,       -3.08310418,                 0,                 0,                 0
          0,           6,          47,      -3.352161563,       1.823827739,      -2.402153115,                 0,                 0,                 0
          0,           6,          48,      -4.095470071,       2.548102379,      -2.452566978,                 0,                 0,                 0
          0,           6,          49,      -4.245593614,       1.646415318,      -3.254980135,                 0,                 0,                 0
          0,           7,           0,      -2.929937308,       2.037263558,      -2.020475069,                 0,                 0,                 0
          0,           7,           1,       -3.95496864,       2.761026643,      -2.176132732,                 0,                 0,                 0
          0,           7,           2,      -3.841602739,       2.388170872,      -2.642284104,                 0,                 0,                 0
          0,           7,           3,      -4.161951722,       1.894951306,      -2.999374353,                 0,                 0,                 0
          0,           7,           4,      -3.656557065,       1.897334078,      -2.740758453,                 0,                 0,                 0
          0,           7,           5,      -4.674243673,       2.292302137,      -3.139639293,                 0,                 0,                 0
          0,           7,           6,      -4.124052941,       1.840979629,      -2.966276964,                 0,                 0,                 0
          0,           7,           7,      -4.222997766,       1.685465188,      -3.217369185,                 0,                 0,                 0
          0,           7,           8,      -5.206723431,       1.641071816,      -4.285874536,                 0,                 0,                 0
          0,           8,           0,      -3.568929846,       1.672420944,      -2.675811742,                 0,                 0,                 0
          0,           8,           1,      -4.092213913,       2.153446104,      -2.686285919,                 0,                 0,                 0
          0,           8,           2,       -2.85386532,        1.59810148,      -2.017406787,                 0,                 0,                 0
          0,           8,           3,      -4.102109039,       2.663573685,      -2.203823787,                 0,                 0,                 0
          0,           8,           4,      -4.086581033,       2.328332733,      -2.526147904,                 0,                 0,                 0
          0,           8,           5,      -4.338221256,       1.684610177,      -3.447083138,                 0,                 0,                 0
          0,           8,           6,      -5.230315499,       1.754246612,      -4.373290143,                 0,                 0,                 0
          0,           9,           0,       -4.83261273,       1.851920676,      -3.675648125,                 0,                 0,                 0
          0,           9,           1,      -3.380450994,       1.459582687,      -2.561716964,                 0,                 0,                 0
          0,           9,           2,      -4.288714397,       2.369006916,      -2.591979296,                 0,                 0,                 0
          0,           9,           3,       -4.58616151,       1.787665047,      -3.686502619,                 0,                 0,                 0
          0,           9,           4,      -4.164669781,       1.716012579,       -3.20090801,                 0,                 0,                 0
          0,           9,           5,      -4.475645921,       2.119434012,      -3.233315938,                 0,                 0,                 0
          0,           9,           6,       -4.44884066,       1.823952306,      -3.416841579,                 0,                 0,                 0
          0,           9,           7,      -2.082482367,       1.778333312,      -1.263300165,                 0,                 0,                 0
          0,           9,           8,      -3.787669563,       2.968337192,      -1.505772433,                 0,                 0,                 0
          0,           9,           9,      -3.585922861,       2.000246872,      -2.288208166,                 0,                 0,                 0
          0,           9,          10,      -4.300500541,       2.066629761,      -3.139780247,                 0,                 0,                 0
          0,           9,          11,      -4.644906765,       1.666723573,      -3.812342335,                 0,                 0,                 0
          0,           9,          12,      -3.883264225,       1.744101132,      -3.156056146,                 0,                 0,                 0
          0,           9,          13,      -4.668454444,       2.176008389,      -3.289403548,                 0,                 0,                 0
          0,           9,          14,      -4.240259639,       1.423323134,      -3.627996988,                 0,                 0,                 0
          0,           9,          15,      -3.922610214,       1.769241595,      -3.146225368,                 0,                 0,                 0
          0,           9,          16,      -5.009424336,       1.743981361,      -4.147906997,                 0,                 0,                 0
          0,          10,           0,      -4.382271456,       1.764096445,      -3.276856465,                 0,                 0,                 0
          0,          10,           1,      -4.007943603,       1.514963904,      -3.356036655,                 0,                 0,                 0
          0,          10,           2,      -3.852071963,       1.845319784,       -3.06197377,                 0,                 0,                 0
          0,          10,           3,      -4.454530351,       2.034815589,      -3.255371974,                 0,                 0,                 0
          0,          10,           4,      -4.788510975,       1.567949068,      -4.030201583,                 0,                 0,                 0
          0,          11,           0,      -4.801900966,        1.37621711,      -4.075706027,                 0,                 0,                 0
          0,          11,           1,      -4.613044804,       1.247544705,      -3.911489217,                 0,                 0,                 0
          0,          11,           2,      -4.812043323,       1.676152152,      -3.933803748,                 0,                 0,                 0
          0,          11,           3,       -3.58374772,       1.551911654,      -2.938332357,                 0,                 0,                 0
          0,          11,           4,      -3.949163743,        2.36329406,      -2.822414573,                 0,                 0,                 0
          0,          11,           5,      -4.569944581,       2.095179477,      -3.318066515,                 0,                 0,                 0
          0,          11,           6,      -3.821013909,       1.472377872,      -3.118361167,                 0,                 0,                 0
          0,          11,           7,      -4.403857544,        1.84699302,      -3.165218259,                 0,                 0,                 0
          0,          11,           8,      -4.244168348,       1.272982554,      -3.575568653,                 0,                 0,                 0
          0,          11,           9,       -4.70519647,       1.862847771,      -3.644587409,                 0,                 0,                 0
          0,          11,          10,      -2.179380578,       1.169015446,      -1.564421977,                 0,                 0,                 0
          0,          11,          11,       -3.80099503,       2.765272328,      -1.852393114,                 0,                 0,                 0
          0,          11,          12,      -3.975385403,       2.270813323,       -2.63318702,                 0,                 0,                 0
          0,          11,          13,      -4.861142574,       1.488029549,       -4.17024574,                 0,                 0,                 0
          0,          12,           0,      -4.792939759,       1.435525556,      -4.129647991,                 0,                 0,                 0
          0,          12,           1,      -4.487547904,        1.57217496,       -3.89984922,                 0,                 0,                 0
          0,          12,           2,      -4.846424203,       1.670802197,      -4.092685901,                 0,                 0,                 0
          0,          13,           0,      -4.686750479,       1.198971252,      -4.165728678,                 0,                 0,                 0
          0,          13,           1,      -4.891389161,       1.401709358,      -4.196754277,                 0,                 0,                 0
          0,          14,           0,      -2.684737328,       1.113932387,      -2.305970542,                 0,                 0,                 0
          0,          14,           1,      -4.200645379,       2.602785949,      -2.427033677,                 0,                 0,                 0
          0,          14,           2,      -4.715705626,       1.549430002,      -3.797398794,                 0,                 0,                 0
          0,          14,           3,      -5.787852497,       1.315142668,      -5.151902791,                 0,                 0,                 0
          0,          15,           0,      -5.007765181,      0.9932413169,      -4.740206735,                 0,                 0,                 0
          0,          15,           1,      -5.546040321,       1.198114037,      -5.053418286,                 0,                 0,                 0
          0,          16,           0,      -5.402984216,       1.132416343,      -5.033688754,                 0,                 0,                 0
          0,          16,           1,       -4.64406067,       1.316776129,       -4.32717127,                 0,                 0,                 0
          0,          17,           0,      -5.333315497,       1.539630466,       -4.53591217,                 0,                 0,                 0
          0,          17,           1,      -4.125971589,       1.284669828,      -3.856767925,                 0,                 0,                 0
          0,          17,           2,      -4.370200461,       1.582149873,      -3.618213522,                 0,                 0,                 0
          0,          17,           3,      -5.110074303,       1.559784174,      -4.261269242,                 0,                 0,                 0
          0,          18,           0,      -4.713333006,       1.097093434,      -4.393322896,                 0,                 0,                 0
          0,          18,           1,      -4.569966429,       1.235450027,      -4.132545774,                 0,                 0,                 0
          0,          19,           0,      -4.720060296,       1.462781946,       -4.17781585,                 0,                 0,                 0
          0,          19,           1,      -4.888947389,       1.075612109,      -4.462109393,                 0,                 0,                 0
          0,          20,           0,      -4.914011186,       1.134552696,      -4.613074856,                 0,                 0,                 0
          0,          20,           1,      -4.687681123,       1.129693224,      -4.318780496,                 0,                 0,                 0
          0,          21,           0,      -2.597545059,       1.317655079,      -2.340250334,                 0,                 0,                 0
          0,          21,           1,      -4.287001124,       2.457091896,      -2.566684603,                 0,                 0,                 0
          0,          21,           2,      -4.712543743,       1.920292703,      -3.507274229,                 0,                 0,                 0
          0,          21,           3,      -4.268679983,       1.160034029,      -4.118152947,                 0,                 0,                 0
          0,          22,           0,      -4.743651916,       1.406541434,      -4.124287322,                 0,                 0,                 0
          0,          22,           1,      -4.947019602,      0.9042999593,      -4.745353194,                 0,                 0,                 0
          0,          23,           0,      -4.825362021,        1.09962516,      -4.638242257,                 0,                 0,                 0
          0,          23,           1,      -5.637128435,       1.135750074,      -5.156455607,                 0,                 0,                 0
          0,          24,           0,      -6.134308386,      0.8905762115,      -5.968519661,                 0,                 0,                 0
          0,          24,           1,      -6.668026466,      0.9544049636,      -6.471927196,                 0,                 0,                 0
          0,          25,           0,      -5.025975903,      0.7624788822,      -4.830449798,                 0,                 0,                 0
          0,          25,           1,      -3.886361874,      0.8241471033,       -3.79525914,                 0,                 0,                 0
          0,          25,           2,      -4.896011289,       1.767599215,      -3.861456986,                 0,                 0,                 0
          0,          25,           3,      -5.870818632,      0.8884081581,      -5.837721484,                 0,                 0,                 0
          0,          26,           0,      -3.865132954,      0.6802831613,       -3.80005367,                 0,                 0,                 0
          0,          26,           1,      -4.683663207,       1.629312777,      -3.829143468,                 0,                 0,                 0
          0,          26,           2,      -4.958792197,       1.055457981,      -4.752534187,                 0,                 0,                 0
          0,          27,           0,      -4.826836943,       0.981070325,      -4.628043125,                 0,                 0,                 0
          0,          27,           1,      -4.669698452,       1.170312109,      -4.465492638,                 0,                 0,                 0
          0,          28,           0,      -4.956651085,       1.412218242,      -4.529880787,                 0,                 0,                 0
          0,          28,           1,      -4.762695395,       1.034294323,      -4.610315433,                 0,                 0,                 0
          0,          29,           0,       -4.95137266,       1.168553675,      -4.665248523,                 0,                 0,                 0
          0,          29,           1,      -5.920567317,      0.9027776399,      -5.690653881,                 0,                 0,                 0
          0,          30,           0,       -4.55986115,      0.6303153106,      -4.489940925,                 0,                 0,                 0
          0,          30,           1,      -4.012057254,        1.28056722,      -3.928757755,                 0,                 0,                 0
          0,          30,           2,      -5.523612983,       1.378097968,      -4.970866412,                 0,                 0,                 0
          0,          31,           0,      -4.808448719,       1.493078401,      -4.088424927,                 0,                 0,                 0
          0,          31,           1,      -4.251107652,      0.8196837687,      -4.194935333,                 0,                 0,                 0
          0,          32,           0,       -5.05090305,       1.497852717,      -4.263784683,                 0,                 0,                 0
          0,          32,           1,      -5.148498224,      0.9727974351,      -5.004463653,                 0,                 0,                 0
          0,          33,           0,      -4.899217834,      0.9022124993,      -4.740173464,                 0,                 0,                 0
          0,          33,           1,      -5.431600631,        1.12386924,      -4.979622375,                 0,                 0,                 0
          0,          34,           0,       -5.94613016,      0.7717941479,      -5.722503248,                 0,                 0,                 0
          0,          34,           1,      -5.648773029,      0.8944576946,       -5.60832178,                 0,                 0,                 0
          0,          35,           0,      -6.241586767,      0.7404675922,      -6.521297693,                 0,                 0,                 0
          0,          35,           1,      -5.606066796,      0.5858295374,      -5.544314319,                 0,                 0,                 0
          0,          36,           0,      -2.592247166,      0.9698301472,      -2.588835634,                 0,                 0,                 0
          0,          36,           1,      -4.441415182,       2.019643908,      -3.060970357,                 0,                 0,                 0
          0,          36,           2,      -4.890509125,        1.47206277,      -4.238640394,                 0,                 0,                 0
          0,          37,           0,      -5.240490673,       1.134167336,      -5.034836505,                 0,                 0,                 0
          0,          37,           1,      -6.524058814,      0.5708750844,      -6.929056287,                 0,                 0,                 0
          0,          38,           0,      -5.916744124,      0.3537397694,      -6.273829997,                 0,                 0,                 0
          0,          38,           1,      -5.800362612,      0.3634737198,      -6.166723931,                 0,                 0,                 0
          0,          39,           0,      -4.557879932,      0.4300191882,      -5.005334749,                 0,                 0,                 0
          0,          39,           1,      -5.213204952,       1.072391033,      -4.980678602,                 0,                 0,                 0
          0,          40,           0,      -4.831070207,      0.4811720563,      -5.169551002,                 0,                 0,                 0
          0,          40,           1,      -5.570249075,      0.8365183705,      -5.580051712,                 0,                 0,                 0
          0,          41,           0,      -6.050607712,      0.4411552734,      -6.225534917,                 0,                 0,                 0
          0,          41,           1,      -5.478200579,      0.6610286372,      -5.688070755,                 0,                 0,                 0
          0,          42,           0,       -4.68413395,      0.4013872894,      -5.120002559,                 0,                 0,                 0
          0,          42,           1,      -5.284449187,      0.8596840226,      -5.181244754,                 0,                 0,                 0
          0,          43,           0,      -5.255415089,      0.5705333585,      -5.629350564,                 0,                 0,                 0
          0,          43,           1,      -5.322990392,      0.5297222276,      -5.566873667,                 0,                 0,                 0
          0,          44,           0,      -5.736772837,      0.4933374296,      -5.990907155,                 0,                 0,                 0
          0,          44,           1,      -5.339892881,        0.28658311,      -5.753591179,                 0,                 0,                 0
          0,          45,           0,      -5.268785096,      0.7796232228,       -5.49351798,                 0,                 0,                 0
          0,          45,           1,       -5.41543324,      0.7147143975,      -5.580860152,                 0,                 0,                 0
          0,          46,           0,      -5.407473196,      0.4733399004,      -5.732525771,                 0,                 0,                 0
          0,          46,           1,      -5.944798237,      0.3319117691,      -6.422055258,                 0,                 0,                 0
          0,          47,           0,      -4.891121199,      0.2286572368,      -5.326848185,                 0,                 0,                 0
          0,          47,           1,      -5.352933545,      0.8795118321,      -5.353999626,                 0,                 0,                 0
          0,          48,           0,       -4.86445919,      0.4400829803,      -5.309153671,                 0,                 0,                 0
          0,          48,           1,       -5.35337519,       1.038850842,      -5.349511448,                 0,                 0,                 0
          0,          49,           0,      -5.306783209,      0.4008977424,      -5.763524509,                 0,                 0,                 0
          0,          49,           1,      -6.505995424,       0.466928986,      -6.661315493,                 0,                 0,                 0
